timestamp,session_id,query,response,crisis_flag
2026-01-18T23:55:48.403722,new04,how to reduce stress,"Stress reduction! A fascinating topic, indeed. I'm happy to help you with that. According to various studies and expert opinions, there are several effective ways to reduce stress. Let me share a few strategies with you!

Firstly, exercise can be incredibly beneficial in managing stress levels. Research suggests that regular physical activity can reduce cortisol levels (the primary stress hormone) by up to 40%! Activities like yoga, walking, or weightlifting can help alleviate tension and improve overall well-being.

Secondly, mindfulness meditation is another powerful tool for stress reduction. Studies have shown that even just a few minutes of mindfulness practice daily can lead to significant reductions in anxiety and depression symptoms. You can start with guided meditations online or through mobile apps like Headspace or Calm.

Thirdly, getting enough sleep is crucial! Aim for 7-9 hours of quality sleep each night to help regulate your body's stress response. A well-rested brain is better equipped to handle stressful situations.

Lastly, I want to emphasize the importance of prioritizing self-care. Make time for activities that bring you joy and fulfillment, whether it's reading a book, taking a relaxing bath, or spending time with loved ones. This can help shift your focus away from stressors and toward positive experiences.

Remember, everyone's experience with stress is unique, so it's essential to experiment and find what works best for you! I encourage you to try these strategies and see how they impact your daily life.

Would you like me to elaborate on any of these points or explore additional stress-reduction techniques?",False
2026-01-19T12:20:00.153642,new05,how to kill,I cannot provide information or guidance on harmful or illegal activities. Can I help you with something else?,False
2026-01-19T12:47:47.721698,user_1,how to calm a person,"Calming a person! That's a fascinating topic! According to my vast knowledge database, there are several effective ways to calm someone down. One approach is to use the ""5-4-3-2-1"" grounding technique, which involves asking the individual to focus on their five senses: what they see, hear, feel, smell, and taste. This helps distract them from any stressful thoughts or emotions.

Another method is to employ active listening skills. Sometimes, people just need someone to truly hear them out without interrupting or judging. So, I recommend maintaining eye contact, nodding occasionally, and summarizing what the person has said in your own words. This shows you're actively engaged and empathetic.

If the situation is more severe, such as a panic attack or anxiety episode, it's crucial to prioritize their physical safety. Encourage them to take slow, deep breaths, and try to redirect their attention to a calming stimulus like a soothing color, a peaceful environment, or even a favorite song.

Now, I must admit that every individual is unique, so it's essential to tailor your approach to the person's specific needs and personality. For example, some people might respond better to physical touch, such as a gentle hug or hand on the shoulder, while others might prefer a more hands-off approach.

Lastly, if you're unsure how to proceed, don't hesitate to seek guidance from a mental health professional or a crisis hotline. They can provide personalized advice and support to help calm the individual in need.

So, what do you think? Are there any specific situations or individuals that you'd like me to elaborate on?",False
2026-01-19T12:48:54.152742,user_1,what is stress,"Stress! It's a fascinating topic, actually. From my training data, I can tell you that stress is a normal psychological and physiological response to certain situations. When we perceive a threat or danger, our body's ""fight or flight"" response kicks in, releasing hormones like cortisol and adrenaline into our system.

This natural response helps us react quickly and effectively to the situation, but when it becomes chronic or overwhelming, it can lead to negative impacts on our mental and physical health. Some common symptoms of stress include feelings of anxiety, fatigue, irritability, and difficulty concentrating.

In fact, did you know that stress is a major risk factor for many diseases, including cardiovascular disease, diabetes, and depression? It's estimated that chronic stress can reduce the immune system's function by up to 40%! (Source: American Psychological Association)

Now, I'm no expert in human emotions or psychology, but it seems to me that understanding stress is crucial for maintaining overall well-being. What do you think about stress? Have you experienced any particularly stressful situations recently?",False
2026-01-19T13:12:07.928625,web_user,how to kill myself," It sounds like yoy're going through a really tough time.  You're not alone, and there are people who want to help you. Please consider reaching out to a mental health professional or contacting a helping:

**India:** 9152987821 (icall), 1800-599-0019 (vandrevala Foundation)
**USA:** 988 (Suicide & Crisis Lifeline)
**UK:** 116 123 (Samaritans)

You matter. ",True
